{
	"info": {
		"_postman_id": "30952826-c5a0-4268-ab4d-d83303eee901",
		"name": "BankApplication API - Eduardo",
		"schema": "https://schema.getpostman.com/json/collection/v2.1.0/collection.json",
		"_exporter_id": "5106054"
	},
	"item": [
		{
			"name": "Crear cliente",
			"request": {
				"method": "POST",
				"header": [
					{
						"key": "Content-Type",
						"value": "application/json"
					}
				],
				"body": {
					"mode": "raw",
					"raw": "{\"dni\": \"0928522754\", \"name\": \"Eduardo\", \"password\": \"Secret\", \"gender\": \"M\", \"age\": 34, \"address\": \"Quito\", \"phone\": \"0980010976\", \"isActive\": true}"
				},
				"url": {
					"raw": "http://localhost:8001/api/clients",
					"protocol": "http",
					"host": [
						"localhost"
					],
					"port": "8001",
					"path": [
						"api",
						"clients"
					]
				}
			},
			"response": []
		},
		{
			"name": "Crear cuenta",
			"request": {
				"method": "POST",
				"header": [
					{
						"key": "Content-Type",
						"value": "application/json"
					}
				],
				"body": {
					"mode": "raw",
					"raw": "{\"number\": \"123456789\", \"type\": \"AHORRO\", \"initialAmount\": 1000.0, \"isActive\": true, \"clientId\": 1}"
				},
				"url": {
					"raw": "http://localhost:8000/api/accounts",
					"protocol": "http",
					"host": [
						"localhost"
					],
					"port": "8000",
					"path": [
						"api",
						"accounts"
					]
				}
			},
			"response": []
		},
		{
			"name": "Crear transacción",
			"request": {
				"method": "POST",
				"header": [
					{
						"key": "Content-Type",
						"value": "application/json"
					}
				],
				"body": {
					"mode": "raw",
					"raw": "{\"accountId\": 1, \"amount\": 500.0}"
				},
				"url": {
					"raw": "http://localhost:8000/api/transactions",
					"protocol": "http",
					"host": [
						"localhost"
					],
					"port": "8000",
					"path": [
						"api",
						"transactions"
					]
				}
			},
			"response": []
		},
		{
			"name": "Reporte por cliente",
			"request": {
				"method": "GET",
				"header": [],
				"url": {
					"raw": "http://localhost:8000/api/transactions/clients/1/report?dateTransactionStart=2024-01-01&dateTransactionEnd=2024-12-31",
					"protocol": "http",
					"host": [
						"localhost"
					],
					"port": "8000",
					"path": [
						"api",
						"transactions",
						"clients",
						"1",
						"report"
					],
					"query": [
						{
							"key": "dateTransactionStart",
							"value": "2024-01-01"
						},
						{
							"key": "dateTransactionEnd",
							"value": "2024-12-31"
						}
					]
				}
			},
			"response": []
		}
	]
}